[
  {
    "question": "Δεν μπορω να φτιαξω μια εκδηλωση τι κανω λαθος;",
    "answers": ["Δοκιμασε να γραψεις την τοποθεσια στα Αγγλικα", "Βεβαιωσου οτι εχεις συμπληρωσει ολα τα πεδια.", "Μην αφηνεις καποιο κενο πεδιο."]
},
  {
    "question": "Δεν μπορω να βρω προσφορες ή πακετα",
    "answers": ["Ισως να μην υπαρχουν ακομα διαθεσιμα πακετα ή προσφορες"]
  },
  {
    "question": "Μπορω να ακυρωσω μια εκδηλωση;",
    "answers": ["Βεβαιως στην αρχικη οθονη υπαρχει η επιλογη Ακυρωση"]
  }
  ]