[
  {
    "name": "Ανθοπωλείο Άνθη",
    "businessType": "Ανθοπωλείο",
    "eventTypes": ["Γάμος", "Βάπτιση", "Συνέδριο"],
    "location": "Agrinio",
    "availableDates": ["2024-05-20", "2024-05-23", "2024-05-22", "2024-05-21", "2024-05-24", "2024-05-25"],
    "availableTimes": ["06:00 PM", "07:00 PM", "08:00 PM", "09:00 PM", "10:00 PM", "11:00 PM", "12:00 PM"]
  },
  {
    "name": "Catering Γεύσεις",
    "businessType": "Catering",
    "eventTypes": ["Γάμος", "Βάπτιση"],
    "location": "Agrinio",
    "availableDates": ["2024-05-20", "2024-05-21", "2024-05-23", "2024-05-22", "2024-05-24", "2024-05-25"],
    "availableTimes": ["02:00 PM", "04:00 PM", "06:00 PM", "07:00 PM", "08:00 PM", "09:00 PM", "10:00 PM", "11:00 PM", "12:00 PM"]
  },
  {
    "name": "Κέντρο Δεξιώσεων Λαμπερό",
    "businessType": "Κέντρο Δεξιώσεων",
    "eventTypes": ["Γάμος", "Βάπτιση"],
    "location": "Agrinio",
    "availableDates": ["2024-05-20", "2024-05-21", "2024-05-22", "2024-05-23", "2024-05-24", "2024-05-25"],
    "availableTimes": ["06:00 PM", "08:00 PM", "06:00 PM", "07:00 PM", "08:00 PM", "09:00 PM", "10:00 PM", "11:00 PM", "12:00 PM"]
  },
  {
    "name": "Βαπτιστικό Κατάστημα",
    "businessType": "Κατάστημα",
    "eventTypes": ["Βάπτιση"],
    "location": "Agrinio",
    "availableDates": ["2024-05-20", "2024-05-21", "2024-05-22","2024-05-23", "2024-05-24", "2024-05-25"],
    "availableTimes": ["06:00 PM", "08:00 PM", "06:00 PM", "07:00 PM", "08:00 PM", "09:00 PM", "10:00 PM", "11:00 PM", "12:00 PM"]
  }
]
